# Significantly enriched repeating motifs in telomeric candidate reads in short-read sequencing experiments,				
# subset to motifs also observed in PacBio telomeric reads, with respect to reverse-complemented equivalence.				
Motif	Illumina datasets		10X datasets	
 	Median score	Adjusted p-value	Median score	Adjusted p-value
TTAGGG	0.29907	1.55e-65	0.46171	1.55e-65
TGAGGG	0.00748	1.55e-65	0.01852	1.55e-65
TTAGGGG	0.00301	1.55e-65	0.00502	1.55e-65
TTCGGG	0.00254	8.74e-63	0.00212	9.66e-43
TTTAGGG	0.00062	1.43e-54	0.00088	2.27e-57
TAGGG	0.00062	1.55e-65	0.00102	1.55e-65
TTAGGGTTAGGGG	0.00053	2.32e-51	0.00102	1.55e-65
TTGGG	0.00050	9.35e-65	0.00099	1.55e-65
TTAGGGTAGGG	0.00031	9.44e-40	0.00050	3.36e-65
TTAGG	0.00024	1.81e-34	0.00021	2.46e-55
TTAGGTTAGGG	0.00007	4.44e-18	0.00009	1.74e-47
TTAGGGGG	0.00004	2.26e-14	0.00006	9.61e-40
TGGG	NA	ns	0.00079	1.55e-65
